"id","title","typeId","componentId","periodId","groupId","date","maximumScore","weight","optional","batchId"
"211a7a5f-b0a8-4885-93b0-54173d77013d","Start of Class · P1 · Module 1 1","soc","soc","p1","m1","2026-08-21","100","","false","507e08ae-ff4d-4980-99e2-614601d3ba38"
"221a7bf2-ada8-43cc-94b0-55aa3a76fc84","Start of Class · P1 · Module 1 2","soc","soc","p1","m1","2026-09-10","100","","false","507e08ae-ff4d-4980-99e2-614601d3ba38"
"bf460eee-eb83-4830-91db-b6467852f0e8","Start of Class · P1 · Module 2 1","soc","soc","p1","m2","2026-08-21","100","","false","507e08ae-ff4d-4980-99e2-614601d3ba38"
"be460d5b-ee83-4ce9-90db-b4b37b52f5a1","Start of Class · P1 · Module 2 2","soc","soc","p1","m2","2026-09-10","100","","false","507e08ae-ff4d-4980-99e2-614601d3ba38"
"dab8958d-15cc-4b37-ad4e-3ce5829bb18f","Start of Class · P1 · Module 3 1","soc","soc","p1","m3","2026-08-21","100","","false","507e08ae-ff4d-4980-99e2-614601d3ba38"
"d7b890d4-16cc-4cca-aa4e-382c839bb322","Start of Class · P1 · Module 3 2","soc","soc","p1","m3","2026-09-10","100","","false","507e08ae-ff4d-4980-99e2-614601d3ba38"
"d107de34-50a8-4ae2-a39c-bc0cdd77d39a","Start of Class · P1 · Module 4 1","soc","soc","p1","m4","2026-08-21","100","","false","507e08ae-ff4d-4980-99e2-614601d3ba38"
"d407e2ed-4fa8-494f-a69c-c0c5dc77d207","Start of Class · P1 · Module 4 2","soc","soc","p1","m4","2026-09-10","100","","false","507e08ae-ff4d-4980-99e2-614601d3ba38"
"e8fd290c-920f-43c6-9e58-97c42cc1a1fe","Start of Class · P2 · Module 5 1","soc","soc","p2","m5","2026-10-16","100","","false","507e08ae-ff4d-4980-99e2-614601d3ba38"
"ebfd2dc5-910f-4233-a158-9c7d2bc1a06b","Start of Class · P2 · Module 5 2","soc","soc","p2","m5","2026-10-31","100","","false","507e08ae-ff4d-4980-99e2-614601d3ba38"
"2e2202e1-13e4-4197-837c-75b90d59a26f","Start of Class · P2 · Module 6 1","soc","soc","p2","m6","2026-10-16","100","","false","507e08ae-ff4d-4980-99e2-614601d3ba38"
"2b21fe28-14e4-432a-807c-71000e59a402","Start of Class · P2 · Module 6 2","soc","soc","p2","m6","2026-10-31","100","","false","507e08ae-ff4d-4980-99e2-614601d3ba38"
"13ecb0c2-e85e-4a10-8947-55fa81d2e3c8","Start of Class · P2 · Module 7 1","soc","soc","p2","m7","2026-10-16","100","","false","507e08ae-ff4d-4980-99e2-614601d3ba38"
"12ecaf2f-eb5e-4ec9-8847-546784d2e881","Start of Class · P2 · Module 7 2","soc","soc","p2","m7","2026-10-31","100","","false","507e08ae-ff4d-4980-99e2-614601d3ba38"
"e114b38f-7236-4a59-a52a-0cf7da662841","Start of Class · P2 · Module 8 1","soc","soc","p2","m8","2026-10-16","100","","false","507e08ae-ff4d-4980-99e2-614601d3ba38"
"e214b522-6f36-45a0-a62a-0e8ad7662388","Start of Class · P2 · Module 8 2","soc","soc","p2","m8","2026-10-31","100","","false","507e08ae-ff4d-4980-99e2-614601d3ba38"
"d6cbf2e8-76c4-461a-bae1-19f0bef3a1a2","Start of Class · P2 · Module 9 1","soc","soc","p2","m9","2026-10-16","100","","false","507e08ae-ff4d-4980-99e2-614601d3ba38"
"d9cbf7a1-75c4-4487-bde1-1ea9bdf3a00f","Start of Class · P2 · Module 9 2","soc","soc","p2","m9","2026-10-31","100","","false","507e08ae-ff4d-4980-99e2-614601d3ba38"
"f9af631d-9297-46c3-a50f-cc65c2d1820b","Start of Class · P3 · Module 10 1","soc","soc","p3","m10","2026-11-25","100","","false","507e08ae-ff4d-4980-99e2-614601d3ba38"
"f6af5e64-9397-4856-a20f-c7acc3d1839e","Start of Class · P3 · Module 10 2","soc","soc","p3","m10","2026-12-05","100","","false","507e08ae-ff4d-4980-99e2-614601d3ba38"
"df7a10fe-8739-410c-899d-45c6b8afd0d4","Start of Class · P3 · Module 11 1","soc","soc","p3","m11","2026-11-25","100","","false","507e08ae-ff4d-4980-99e2-614601d3ba38"
"de7a0f6b-8a39-45c5-889d-4433bbafd58d","Start of Class · P3 · Module 11 2","soc","soc","p3","m11","2026-12-05","100","","false","507e08ae-ff4d-4980-99e2-614601d3ba38"
"c012116f-cc5d-4ae1-8b71-e397ddd47849","Start of Class · P3 · Module 12 1","soc","soc","p3","m12","2026-11-25","100","","false","507e08ae-ff4d-4980-99e2-614601d3ba38"
"c1121302-c95d-4628-8c71-e52adad47390","Start of Class · P3 · Module 12 2","soc","soc","p3","m12","2026-12-05","100","","false","507e08ae-ff4d-4980-99e2-614601d3ba38"
"348b52c8-b228-48c2-9feb-bc1062615a8a","Start of Class · P3 · Module 13 1","soc","soc","p3","m13","2026-11-25","100","","false","507e08ae-ff4d-4980-99e2-614601d3ba38"
"378b5781-b128-472f-a2eb-c0c9616158f7","Start of Class · P3 · Module 13 2","soc","soc","p3","m13","2026-12-05","100","","false","507e08ae-ff4d-4980-99e2-614601d3ba38"
"952289b9-774c-4917-a083-2561878601ff","Start of Class · P3 · Module 14 1","soc","soc","p3","m14","2026-11-25","100","","false","507e08ae-ff4d-4980-99e2-614601d3ba38"
"92228500-784c-4aaa-9d83-20a888860392","Start of Class · P3 · Module 14 2","soc","soc","p3","m14","2026-12-05","100","","false","507e08ae-ff4d-4980-99e2-614601d3ba38"
"93354178-d415-467e-adec-fa401f871626","Let's Practice · P1 · Module 1","lp","lp","p1","m1","2026-08-31","3","","false","507e08ae-ff4d-4980-99e2-614601d3ba38"
"585951cd-b4ad-46ef-b311-d415a01e7f77","Let's Practice · P1 · Module 2","lp","lp","p1","m2","2026-08-31","3","","false","507e08ae-ff4d-4980-99e2-614601d3ba38"
"3ce6cb2e-2927-4848-979f-4d7675d58c70","Let's Practice · P1 · Module 3","lp","lp","p1","m3","2026-08-31","3","","false","507e08ae-ff4d-4980-99e2-614601d3ba38"
"da06b6ab-89be-4f39-b4bf-38f3f66cf5c1","Let's Practice · P1 · Module 4","lp","lp","p1","m4","2026-08-31","3","","false","507e08ae-ff4d-4980-99e2-614601d3ba38"
"cac2b233-0a70-4cb5-9022-ca1b4e6e0a7d","Let's Practice · P2 · Module 5","lp","lp","p2","m5","2026-10-23","3","","false","507e08ae-ff4d-4980-99e2-614601d3ba38"
"69155632-454c-4c60-ae76-379a8949fa28","Let's Practice · P2 · Module 6","lp","lp","p2","m6","2026-10-23","3","","false","507e08ae-ff4d-4980-99e2-614601d3ba38"
"8487dcd1-70d3-43e7-a9e8-8bd99392bacf","Let's Practice · P2 · Module 7","lp","lp","p2","m7","2026-10-23","3","","false","507e08ae-ff4d-4980-99e2-614601d3ba38"
"2bf49858-d3b3-486a-a00f-fb90c66ab802","Let's Practice · P2 · Module 8","lp","lp","p2","m8","2026-10-23","3","","false","507e08ae-ff4d-4980-99e2-614601d3ba38"
"b77b56ff-cf25-4ca9-8b96-2317e0a00a21","Let's Practice · P2 · Module 9","lp","lp","p2","m9","2026-10-23","3","","false","507e08ae-ff4d-4980-99e2-614601d3ba38"
"103f4cd4-7917-41da-8870-d34cd083df92","Let's Practice · P3 · Module 10","lp","lp","p3","m10","2026-11-30","3","","false","507e08ae-ff4d-4980-99e2-614601d3ba38"
"1a60fe0b-7489-4619-93cf-b903ebf66631","Let's Practice · P3 · Module 11","lp","lp","p3","m11","2026-11-30","3","","false","507e08ae-ff4d-4980-99e2-614601d3ba38"
"b9f0d68a-4f64-4ea4-b360-5b022595215c","Let's Practice · P3 · Module 12","lp","lp","p3","m12","2026-11-30","3","","false","507e08ae-ff4d-4980-99e2-614601d3ba38"
"3563f449-5ac3-445b-8d95-ad21b0f33d93","Let's Practice · P3 · Module 13","lp","lp","p3","m13","2026-11-30","3","","false","507e08ae-ff4d-4980-99e2-614601d3ba38"
"538ebf58-bda3-48de-8cfe-43d015108696","Let's Practice · P3 · Module 14","lp","lp","p3","m14","2026-11-30","3","","false","507e08ae-ff4d-4980-99e2-614601d3ba38"
"8c5ec53e-c5bc-4de8-9a43-d6d677241900","Reflection · P1 · Module 1","tb","tb","p1","m1","2026-08-31","3","","false","507e08ae-ff4d-4980-99e2-614601d3ba38"
"6cf6c5af-8ae0-4e3d-9adb-4027bc48f2d5","Reflection · P1 · Module 2","tb","tb","p1","m2","2026-08-31","3","","false","507e08ae-ff4d-4980-99e2-614601d3ba38"
"e1700708-6f6e-479e-af55-18a0a0d66c36","Reflection · P1 · Module 3","tb","tb","p1","m3","2026-08-31","3","","false","507e08ae-ff4d-4980-99e2-614601d3ba38"
"42073df9-0c8e-431b-b129-b6713df657b3","Reflection · P1 · Module 4","tb","tb","p1","m4","2026-08-31","3","","false","507e08ae-ff4d-4980-99e2-614601d3ba38"
"c2b9cb75-f0fd-45e3-a0e0-e9ed1959e8db","Reflection · P2 · Module 5","tb","tb","p2","m5","2026-10-23","3","","false","507e08ae-ff4d-4980-99e2-614601d3ba38"
"fd95bb20-908c-4e62-9a7e-db9837ad565a","Reflection · P2 · Module 6","tb","tb","p2","m6","2026-10-23","3","","false","507e08ae-ff4d-4980-99e2-614601d3ba38"
"291be2a7-abff-4501-a605-9a3f331faa99","Reflection · P2 · Module 7","tb","tb","p2","m7","2026-10-23","3","","false","507e08ae-ff4d-4980-99e2-614601d3ba38"
"8bfbf72a-536c-4088-979f-9972a9471a50","Reflection · P2 · Module 8","tb","tb","p2","m8","2026-10-23","3","","false","507e08ae-ff4d-4980-99e2-614601d3ba38"
"876e4b69-def2-4f2f-b312-2011d4cd41d7","Reflection · P2 · Module 9","tb","tb","p2","m9","2026-10-23","3","","false","507e08ae-ff4d-4980-99e2-614601d3ba38"
"fafc7d1a-ab29-4ac4-8179-57c222ee788c","Reflection · P3 · Module 10","tb","tb","p3","m10","2026-11-30","3","","false","507e08ae-ff4d-4980-99e2-614601d3ba38"
"f66ed159-b688-407b-9bae-a9e12e4d5e43","Reflection · P3 · Module 11","tb","tb","p3","m11","2026-11-30","3","","false","507e08ae-ff4d-4980-99e2-614601d3ba38"
"d14a29e4-5618-48fa-9689-d00c4dde0042","Reflection · P3 · Module 12","tb","tb","p3","m12","2026-11-30","3","","false","507e08ae-ff4d-4980-99e2-614601d3ba38"
"dca90f9b-504d-48b9-a1e8-b5c368135261","Reflection · P3 · Module 13","tb","tb","p3","m13","2026-11-30","3","","false","507e08ae-ff4d-4980-99e2-614601d3ba38"
"3f89241e-efb6-41c8-84c8-ca46e77be910","Reflection · P3 · Module 14","tb","tb","p3","m14","2026-11-30","3","","false","507e08ae-ff4d-4980-99e2-614601d3ba38"
"abb30c0f-c56b-4365-a8ab-d137810eb80d","Wrap-Up Quiz · P1 · Module 1","wuq","wuq","p1","m1","2026-08-31","100","","false","507e08ae-ff4d-4980-99e2-614601d3ba38"
"4b1bd51e-0047-4310-a814-67e6bbeaa7b8","Wrap-Up Quiz · P1 · Module 2","wuq","wuq","p1","m2","2026-08-31","100","","false","507e08ae-ff4d-4980-99e2-614601d3ba38"
"668e5bbd-2bcd-4a97-8386-ee85c7709cdf","Wrap-Up Quiz · P1 · Module 3","wuq","wuq","p1","m3","2026-08-31","100","","false","507e08ae-ff4d-4980-99e2-614601d3ba38"
"dcdcdae4-66a9-4a42-b9d6-372c210f8a6a","Wrap-Up Quiz · P1 · Module 4","wuq","wuq","p1","m4","2026-08-31","100","","false","507e08ae-ff4d-4980-99e2-614601d3ba38"
"017949bc-b4b5-4426-9429-ffe4fb69e68e","Wrap-Up Quiz · P2 · Module 5","wuq","wuq","p2","m5","2026-10-23","100","","false","507e08ae-ff4d-4980-99e2-614601d3ba38"
"c69d5a11-354d-4d77-b94e-a7595c011d7f","Wrap-Up Quiz · P2 · Module 6","wuq","wuq","p2","m6","2026-10-23","100","","false","507e08ae-ff4d-4980-99e2-614601d3ba38"
"ab2ad372-0b04-4a70-bddc-531ad07a5ed8","Wrap-Up Quiz · P2 · Module 7","wuq","wuq","p2","m7","2026-10-23","100","","false","507e08ae-ff4d-4980-99e2-614601d3ba38"
"f990d43f-939f-4639-9afc-3e97290da351","Wrap-Up Quiz · P2 · Module 8","wuq","wuq","p2","m8","2026-10-23","100","","false","507e08ae-ff4d-4980-99e2-614601d3ba38"
"6e0a1598-996a-467a-af76-17100d9b1cb2","Wrap-Up Quiz · P2 · Module 9","wuq","wuq","p2","m9","2026-10-23","100","","false","507e08ae-ff4d-4980-99e2-614601d3ba38"
"3d7a528d-1fae-40a3-8f4e-1a852180b29b","Wrap-Up Quiz · P3 · Module 10","wuq","wuq","p3","m10","2026-11-30","100","","false","507e08ae-ff4d-4980-99e2-614601d3ba38"
"2207cbee-158c-4f6c-b3db-93e61621cce4","Wrap-Up Quiz · P3 · Module 11","wuq","wuq","p3","m11","2026-11-30","100","","false","507e08ae-ff4d-4980-99e2-614601d3ba38"
"83dc375f-dab0-4fc1-b472-fd373b467459","Wrap-Up Quiz · P3 · Module 12","wuq","wuq","p3","m12","2026-11-30","100","","false","507e08ae-ff4d-4980-99e2-614601d3ba38"
"78564238-bf3e-4922-8a2a-0a303fd4201a","Wrap-Up Quiz · P3 · Module 13","wuq","wuq","p3","m13","2026-11-30","100","","false","507e08ae-ff4d-4980-99e2-614601d3ba38"
"d8ed7929-8462-4977-8ac1-7381e4f7fe0f","Wrap-Up Quiz · P3 · Module 14","wuq","wuq","p3","m14","2026-11-30","100","","false","507e08ae-ff4d-4980-99e2-614601d3ba38"
"bd46083a-331e-48a4-ab63-3c6257b8a64c","Check-in Grade","cig","cig","","","2026-10-08","100","","false","507e08ae-ff4d-4980-99e2-614601d3ba38"
"99863b7c-7ef5-45f2-81d8-c4145cefcf0a","FO","fo","fo","","","2026-10-08","100","","false","507e08ae-ff4d-4980-99e2-614601d3ba38"
