"id","classNumber","name","studentNumber"
"e16b51e0-0d84-4cd6-8ed3-eb28901d2e5e","1","Test Student 001","TEST-CAC87-00001"
"e46b5699-0c84-4b43-91d3-efe18f1d2ccb","2","Test Student 002","TEST-CAC87-00002"
"e36b5506-0b84-49b0-90d3-ee4e8e1d2b38","3","Test Student 003","TEST-CAC87-00003"
"e66b59bf-1285-44b5-93d3-f307951d363d","4","Test Student 004","TEST-CAC87-00004"
"e56b582c-1185-4322-92d3-f174941d34aa","5","Test Student 005","TEST-CAC87-00005"
"e86b5ce5-1085-418f-95d3-f62d931d3317","6","Test Student 006","TEST-CAC87-00006"
"e76b5b52-0f84-4ffc-94d3-f49a921d3184","7","Test Student 007","TEST-CAC87-00007"
"ea6b600b-1685-4b01-87d3-e023891d2359","8","Test Student 008","TEST-CAC87-00008"
"e96b5e78-1585-496e-86d3-de90881d21c6","9","Test Student 009","TEST-CAC87-00009"
"abf1ca70-2e5a-4e12-af9b-16c84bf0172a","10","Test Student 010","TEST-CAC87-00010"
"acf1cc03-2f5a-4fa5-b09b-185b4cf018bd","11","Test Student 011","TEST-CAC87-00011"
"adf1cd96-2c5a-4aec-b19b-19ee49f01404","12","Test Student 012","TEST-CAC87-00012"
"aef1cf29-2d5a-4c7f-b29b-1b814af01597","13","Test Student 013","TEST-CAC87-00013"
"aff1d0bc-2a5a-47c6-b39b-1d1447f010de","14","Test Student 014","TEST-CAC87-00014"
"b0f1d24f-2b5a-4959-b49b-1ea748f01271","15","Test Student 015","TEST-CAC87-00015"
"b1f1d3e2-285a-44a0-b59b-203a45f00db8","16","Test Student 016","TEST-CAC87-00016"
"b2f1d575-295a-4633-b69b-21cd46f00f4b","17","Test Student 017","TEST-CAC87-00017"
"b3f1d708-365a-4aaa-a79b-0a3043f00a92","18","Test Student 018","TEST-CAC87-00018"
"b4f1d89b-375a-4c3d-a89b-0bc344f00c25","19","Test Student 019","TEST-CAC87-00019"
"3df96c0b-2857-4609-a1a2-860345edcf21","20","Test Student 020","TEST-CAC87-00020"
"3cf96a78-2757-4476-a0a2-847044edcd8e","21","Test Student 021","TEST-CAC87-00021"
"3ff96f31-2657-42e3-a3a2-892943edcbfb","22","Test Student 022","TEST-CAC87-00022"
"3ef96d9e-2557-4150-a2a2-879642edca68","23","Test Student 023","TEST-CAC87-00023"
"41f97257-2c57-4c55-a5a2-8c4f49edd56d","24","Test Student 024","TEST-CAC87-00024"
"40f970c4-2b57-4ac2-a4a2-8abc48edd3da","25","Test Student 025","TEST-CAC87-00025"
"43f9757d-2a57-492f-a7a2-8f7547edd247","26","Test Student 026","TEST-CAC87-00026"
"42f973ea-2957-479c-a6a2-8de246edd0b4","27","Test Student 027","TEST-CAC87-00027"
"35f95f73-3057-42a1-a9a2-929b3dedc289","28","Test Student 028","TEST-CAC87-00028"
"34f95de0-2f57-410e-a8a2-91083cedc0f6","29","Test Student 029","TEST-CAC87-00029"
"37f72402-a254-4480-bba0-705abfeabd98","30","Test Student 030","TEST-CAC87-00030"
