"studentId","profileTier","finalPercentage","pointGrade","letterGrade","status","risk"
"e16b51e0-0d84-4cd6-8ed3-eb28901d2e5e","medium","73.96000453323134","3.25","","fail",""
"e46b5699-0c84-4b43-91d3-efe18f1d2ccb","medium","75.73900855624821","3.25","","fail",""
"e36b5506-0b84-49b0-90d3-ee4e8e1d2b38","medium","81.65772006870253","3","","pass",""
"e66b59bf-1285-44b5-93d3-f307951d363d","medium","73.37637590924432","3.25","","fail",""
"e56b582c-1185-4322-92d3-f174941d34aa","medium","82.73343975336005","2.75","","pass",""
"e86b5ce5-1085-418f-95d3-f62d931d3317","high","90.50853026158322","2","","pass",""
"e76b5b52-0f84-4ffc-94d3-f49a921d3184","high","84.89047495958312","2.5","","pass",""
"ea6b600b-1685-4b01-87d3-e023891d2359","medium","72.72920054426034","3.25","","fail",""
"e96b5e78-1585-496e-86d3-de90881d21c6","low","62.53284614061772","3.5","","fail",""
"abf1ca70-2e5a-4e12-af9b-16c84bf0172a","medium","78.61457375742339","3.25","","fail",""
"acf1cc03-2f5a-4fa5-b09b-185b4cf018bd","medium","74.60791331846963","3.25","","fail",""
"adf1cd96-2c5a-4aec-b19b-19ee49f01404","low","59.884193654261495","3.75","","fail",""
"aef1cf29-2d5a-4c7f-b29b-1b814af01597","medium","80.30607677637298","3","","pass",""
"aff1d0bc-2a5a-47c6-b39b-1d1447f010de","medium","73.52059824773599","3.25","","fail",""
"b0f1d24f-2b5a-4959-b49b-1ea748f01271","medium","83.95511972874131","2.75","","pass",""
"b1f1d3e2-285a-44a0-b59b-203a45f00db8","medium","76.17646750932717","3.25","","fail",""
"b2f1d575-295a-4633-b69b-21cd46f00f4b","medium","74.30562914743263","3.25","","fail",""
"b3f1d708-365a-4aaa-a79b-0a3043f00a92","high","88.8646494731796","2.25","","pass",""
"b4f1d89b-375a-4c3d-a89b-0bc344f00c25","medium","82.44384761605949","2.75","","pass",""
"3df96c0b-2857-4609-a1a2-860345edcf21","low","62.47332274582932","3.5","","fail",""
"3cf96a78-2757-4476-a0a2-847044edcd8e","high","88.25584057958073","2.25","","pass",""
"3ff96f31-2657-42e3-a3a2-892943edcbfb","medium","70.97976812517618","3.25","","fail",""
"3ef96d9e-2557-4150-a2a2-879642edca68","high","83.31298410715746","2.75","","pass",""
"41f97257-2c57-4c55-a5a2-8c4f49edd56d","low","62.99945376890872","3.5","","fail",""
"40f970c4-2b57-4ac2-a4a2-8abc48edd3da","medium","76.62522027687224","3.25","","fail",""
"43f9757d-2a57-492f-a7a2-8f7547edd247","medium","70.8559723764802","3.25","","fail",""
"42f973ea-2957-479c-a6a2-8de246edd0b4","low","62.5557561687975","3.5","","fail",""
"35f95f73-3057-42a1-a9a2-929b3dedc289","medium","78.0506713604839","3.25","","fail",""
"34f95de0-2f57-410e-a8a2-91083cedc0f6","low","61.00601548909429","3.5","","fail",""
"37f72402-a254-4480-bba0-705abfeabd98","high","91.75173782311717","1.75","","pass",""
